spp,b,h0,Eh,M,T0,Tl
PantalaSpp,-2.323833795,-15.29197516,-1.65123024,401.6,283.15,315.35
