"term","estimate","std.error","statistic","p.value"
"c",0.411714842311464,0.0196924388984751,20.9072550349944,9.33870015813002e-26
"b",-34.5254753920107,1.12464462214178,-30.6990090134073,3.30697874089758e-33
