"","Modnames","K","AICc","Delta_AICc","ModelLik","AICcWt","LL","Cum.Wt"
"4","Mosquito ~ Temp_Zscore * Skimmer_Z + (1 | Date)",11,2216.9242166873,0,1,0.82104210624022,-1097.07387304953,0.82104210624022
"7","Mosquito ~ Temp_Zscore * Skimmer_Z + Days_Between_Z + (1 | Date)",13,2219.97937034336,3.05515365605834,0.217061006712527,0.178216226133876,-1096.45122363322,0.999258332374096
"2","Mosquito ~ Skimmer_Z + (1 | Date)",7,2231.28409651325,14.3598798259459,0.000761713609882098,0.000625398946609439,-1108.47925755895,0.999883731320706
"6","Mosquito ~ Skimmer_Z + Days_Between_Z + (1 | Date)",9,2234.98276622988,18.0585495425812,0.000119849379872929,9.84013872824537e-05,-1108.2282252202,0.999982132707988
"1","Mosquito ~ Temp_Zscore + (1 | Date)",7,2239.18192069868,22.2577040113788,1.46825329455164e-05,1.20549777745282e-05,-1112.42816965167,0.999994187685763
"5","Mosquito ~ Temp_Zscore + Days_Between_Z + (1 | Date)",9,2240.83700133206,23.91278464476,6.4180750454492e-06,5.26950985332341e-06,-1111.15534277129,0.999999457195616
"3","Mosquito ~ Days_Between_Z + (1 | Date)",7,2245.38288858344,28.4586718961345,6.61116378651019e-07,5.4280438399754e-07,-1115.52865359404,1
