"","Modnames","K","AICc","Delta_AICc","ModelLik","AICcWt","LL","Cum.Wt"
"2","Skimmer_Dragonfly ~ Pct_Shaded_Z + (1 | Date)",7,763.452713804065,0,1,0.47294595209495,-374.563566204358,0.47294595209495
"6","Skimmer_Dragonfly ~ Pct_Shaded_Z + Days_Between_Z + (1 | Date)",9,763.737513001622,0.284799197556367,0.867274625353197,0.410174023415459,-372.605598606074,0.883119975510409
"4","Skimmer_Dragonfly ~ Temp_Zscore + Pct_Shaded_Z + (1 | Date)",9,767.504546602714,4.05183279864912,0.131872939525565,0.0623687729394783,-374.48911540662,0.945488748449888
"7","Skimmer_Dragonfly ~ Temp_Zscore + Pct_Shaded_Z + Days_Between_Z + (1 | Date)",11,767.774841649063,4.32212784499791,0.115202489293999,0.0544845509828586,-372.499185530414,0.999973299432746
"5","Skimmer_Dragonfly ~ Temp_Zscore + Days_Between_Z + (1 | Date)",9,784.250767012674,20.7980532086087,3.04621202784269e-05,1.44069364779115e-05,-382.8622256116,0.999987706369224
"3","Skimmer_Dragonfly ~ Days_Between_Z + (1 | Date)",7,785.170736420113,21.7180226160475,1.92305324926074e-05,9.09500249900909e-06,-385.422577512382,0.999996801371723
"1","Skimmer_Dragonfly ~ Temp_Zscore + (1 | Date)",7,787.260742484797,23.8080286807317,6.76320045156561e-06,3.1986282767747e-06,-386.467580544724,1
