"","Modnames","K","AICc","Delta_AICc","ModelLik","AICcWt","LL","Cum.Wt"
"4","Mod4",9,2220.74551965073,0,1,0.671806908269019,-1101.10960193063,0.671806908269019
"7","Mod7",10,2222.3318549985,1.58633534777618,0.452409437547918,0.303931785510793,-1100.84334685409,0.975738693779811
"1","Mod1",7,2228.60287939468,7.85735974395129,0.0196696218401258,0.0132141878352357,-1107.13864899966,0.988952881615047
"5","Mod5",8,2230.37667107305,9.63115142232391,0.0081025560029446,0.00544335309741479,-1106.97842300008,0.994396234712462
"2","Mod2",7,2231.17207782292,10.4265581721902,0.00544379372039271,0.00365717822855133,-1108.42324821378,0.998053412941013
"6","Mod6",8,2233.23401179517,12.4884921444454,0.00194159384771844,0.00130437615994988,-1108.40709336114,0.999357789100963
"3","Mod3",7,2234.65113862355,13.9056189728258,0.000955945661070352,0.000642210899036857,-1110.1627786141,1
